<?xml version="1.0" encoding="UTF-8" standalone="yes"?>
<addon id="nascar" name="Nascar Repo" version="1.0" provider-name="OldJewish">
    <extension point="xbmc.addon.repository" name="Nascar Repo">
        <dir>
            <info compressed="false">https://raw.githubusercontent.com/OldJewish/nascar/master/repo/zips/addons.xml</info>
            <checksum>https://raw.githubusercontent.com/OldJewish/nascar/master/repo/zips/addons.xml.md5</checksum>
            <datadir zip="true">https://raw.githubusercontent.com/OldJewish/nascar/master/repo/zips/</datadir>
        </dir>
    </extension>
    <extension point="xbmc.addon.metadata">
        <summary>Nascar Repo</summary>
        <description>Description</description>
        <disclaimer></disclaimer>
        <platform>all</platform>
        <assets>
            <icon>icon.png</icon>
            <fanart>fanart.jpg</fanart>
        </assets>
    </extension>
</addon>